Date,Group,Milk,Fat,Protein,Lactose,Somatic_cells
2005-01-10,21,31.8,4.12,3.03,4.81,198
2005-01-10,22,36.26,4.15,3.13,4.82,246
2005-01-10,23,37.13,3.95,3.12,4.9,679
2005-01-10,24,23.1,4.47,3.46,4.82,337
2005-01-10,25,23.22,4.36,3.42,4.84,227
2005-02-07,21,35.7,3.75,2.99,4.85,401
2005-02-07,22,40.8,3.88,3.05,4.9,550
2005-02-07,23,40.66,3.9,3.12,4.93,455
2005-02-07,24,23.07,4.43,3.4,4.72,679
2005-02-07,25,22.85,4.16,3.41,4.82,636
2005-03-25,21,35.4,3.72,3.04,4.94,131
2005-03-25,22,39.17,3.87,2.97,4.81,198
2005-03-25,23,40.86,3.82,3.06,4.92,321
2005-03-25,24,22.54,4.3,3.44,4.81,310
2005-03-25,25,24.0,4.21,3.43,4.83,374
2005-04-13,21,37.65,3.66,3.07,4.95,121
2005-04-13,22,38.75,4.16,3.13,4.82,253
2005-04-13,23,40.72,3.81,3.02,4.75,288
2005-04-13,24,24.51,4.59,3.49,4.74,461
2005-04-13,25,24.02,4.33,3.44,4.74,393
2005-05-18,21,36.45,3.58,3.02,4.97,220
2005-05-18,22,41.23,3.74,3.01,4.9,164
2005-05-18,23,42.29,3.64,3.0,4.88,289
2005-05-18,24,24.96,4.22,3.3,4.75,299
2005-05-18,25,25.38,4.08,3.23,4.75,296
2005-06-23,21,35.67,3.32,2.96,4.95,120
2005-06-23,22,39.13,3.67,2.91,4.82,302
2005-06-23,23,41.09,3.56,2.94,4.9,240
2005-06-23,24,25.09,3.89,3.3,4.77,487
2005-06-23,25,26.26,3.65,3.19,4.78,199
2005-07-17,21,35.8,3.38,2.88,4.88,136
2005-07-17,22,38.08,3.49,2.97,4.88,229
2005-07-17,23,40.75,3.42,2.93,4.9,172
2005-07-17,24,23.82,4.01,3.34,4.79,295
2005-07-17,25,26.61,3.59,3.17,4.73,322
2005-07-17,28,18.8,4.03,3.58,5.0,73
2005-08-23,21,34.72,3.28,2.87,4.72,145
2005-08-23,22,37.57,3.46,2.97,4.71,280
2005-08-23,23,38.81,3.35,3.01,4.75,268
2005-08-23,24,24.52,4.05,3.38,4.67,384
2005-08-23,25,25.95,3.99,3.33,4.7,316
2005-09-15,21,34.94,3.54,3.05,4.96,73
2005-09-15,22,39.06,3.54,3.04,4.89,239
2005-09-15,23,39.0,3.54,3.1,4.81,222
2005-09-15,24,23.19,3.86,3.33,4.58,340
2005-09-15,25,26.03,3.89,3.39,4.79,355
2005-10-30,1,32.83,3.43,3.02,4.72,212
2005-10-30,2,38.25,3.5,3.08,4.74,240
2005-10-30,3,39.21,3.32,3.1,4.72,239
2005-10-30,4,22.64,3.99,3.43,4.5,226
2005-10-30,5,24.27,3.87,3.52,4.7,266
2005-12-05,1,37.88,3.59,3.08,4.87,200
2005-12-05,2,41.45,3.76,3.18,4.8,171
2005-12-05,3,40.31,3.66,3.12,4.68,426
2005-12-05,4,25.04,4.1,3.54,4.63,278
2005-12-05,5,23.45,4.26,3.58,4.68,341
2005-12-28,1,37.78,3.81,3.11,4.84,149
2005-12-28,2,42.15,3.89,3.19,4.82,346
2005-12-28,3,42.73,3.7,3.2,4.79,241
2005-12-28,4,25.87,4.3,3.56,4.69,364
2005-12-28,5,26.52,4.39,3.54,4.75,197
2006-01-25,1,38.27,3.69,3.16,4.89,259
2006-01-25,2,41.38,3.5,3.0,4.55,352
2006-01-25,3,42.63,3.7,3.15,4.76,289
2006-01-25,4,25.92,4.06,3.41,4.57,329
2006-01-25,5,25.3,3.95,3.26,4.54,182
2006-02-19,1,38.16,3.48,3.16,4.9,83
2006-02-19,2,40.81,3.51,3.17,4.82,590
2006-02-19,3,41.85,3.43,3.18,4.81,319
2006-02-19,4,26.31,4.04,3.55,4.76,344
2006-02-19,5,26.83,3.91,3.41,4.81,403
2006-03-22,1,39.32,3.43,3.11,4.98,249
2006-03-22,2,43.04,3.46,3.16,4.89,404
2006-03-22,3,43.28,3.31,3.1,4.76,419
2006-03-22,4,27.01,3.84,3.49,4.78,254
2006-03-22,5,25.71,3.84,3.43,4.8,328
2006-04-26,1,38.43,3.28,2.87,4.62,232
2006-04-26,2,41.89,3.59,3.05,4.72,373
2006-04-26,3,43.95,3.55,3.05,4.71,441
2006-04-26,4,24.28,3.91,3.18,4.39,272
2006-04-26,5,25.4,4.1,3.43,4.66,369
2006-05-30,1,38.42,3.23,3.01,4.85,265
2006-05-30,2,43.72,3.38,3.04,4.75,304
2006-05-30,3,40.86,3.23,3.02,4.76,209
2006-05-30,4,26.91,3.94,3.39,4.74,208
2006-05-30,5,23.94,4.02,3.27,4.48,140
2006-06-20,1,35.81,2.93,2.9,4.6,191
2006-06-20,2,42.52,3.3,3.01,4.73,421
2006-06-20,3,40.62,3.07,2.98,4.63,171
2006-06-20,4,25.88,3.82,3.34,4.64,169
2006-06-20,5,24.41,3.9,3.33,4.65,180
2006-07-30,1,35.4,2.87,2.76,4.58,188
2006-07-30,2,40.95,2.75,2.47,4.06,169
2006-07-30,3,38.82,3.04,2.85,4.7,120
2006-07-30,4,25.75,3.98,3.33,4.87,355
2006-07-30,5,23.92,4.14,3.37,4.77,339
2006-08-27,1,34.69,3.2,2.92,4.74,496
2006-08-27,2,38.74,3.43,2.81,4.58,352
2006-08-27,3,36.79,3.62,2.92,4.73,325
2006-08-27,4,23.68,4.0,3.28,4.6,449
2006-08-27,5,22.65,4.13,3.21,4.46,301
2006-09-25,1,34.89,3.3,2.99,4.72,208
2006-09-25,2,43.15,3.23,2.95,4.64,384
2006-09-25,3,39.85,3.32,3.04,4.69,192
2006-09-25,4,24.18,4.12,3.45,4.51,393
2006-09-25,5,24.76,4.1,3.37,4.53,325
2006-10-19,1,34.67,3.53,3.09,4.87,294
2006-10-19,2,40.86,3.52,3.01,4.68,492
2006-10-19,3,39.44,3.47,3.02,4.73,154
2006-10-19,4,22.6,4.16,3.5,4.51,357
2006-10-19,5,24.17,4.24,3.48,4.59,354
2006-11-19,1,36.11,3.38,3.24,4.84,203
2006-11-19,2,43.31,3.41,3.15,4.74,420
2006-11-19,3,40.41,3.25,3.17,4.75,371
2006-11-19,4,21.47,4.23,3.54,4.52,365
2006-11-19,5,19.91,4.07,3.38,4.29,379
2006-12-20,1,37.19,3.73,3.18,4.95,191
2006-12-20,2,41.35,3.71,3.17,4.8,486
2006-12-20,3,43.22,3.38,3.11,4.83,211
2006-12-20,4,23.93,4.28,3.5,4.67,224
2006-12-20,5,23.7,4.39,3.63,4.55,285
2007-01-12,1,37.96,3.76,3.23,4.93,99
2007-01-12,2,39.91,3.73,3.22,4.8,355
2007-01-12,3,42.66,3.46,3.17,4.76,273
2007-01-12,4,24.43,4.36,3.53,4.78,209
2007-01-12,5,25.02,4.42,3.64,4.67,268
2007-02-05,1,38.69,3.88,3.1,4.88,144
2007-02-05,2,41.49,3.89,3.11,4.74,353
2007-02-05,3,42.65,3.46,3.05,4.72,603
2007-02-05,4,25.44,4.28,3.49,4.73,355
2007-02-05,5,26.32,4.25,3.54,4.65,1057
2007-02-05,7,20.6,4.3,3.57,4.63,591
2007-03-11,1,31.17,4.24,2.97,4.79,207
2007-03-11,2,34.7,4.33,3.12,4.73,558
2007-03-11,3,35.62,4.0,3.09,4.75,225
2007-03-11,4,17.39,5.17,3.48,4.49,787
2007-03-11,5,18.95,4.89,3.4,4.45,626
2007-04-15,1,35.94,4.02,2.94,4.88,167
2007-04-15,2,40.74,3.9,2.93,4.76,353
2007-04-15,3,40.71,3.94,3.02,4.85,180
2007-04-15,4,23.64,4.29,3.21,4.64,549
2007-04-15,5,25.05,4.37,3.28,4.75,248
2007-05-21,1,36.23,3.82,2.92,4.86,186
2007-05-21,2,42.52,3.46,3.01,4.84,252
2007-05-21,3,40.01,3.66,3.05,4.8,290
2007-05-21,4,24.39,3.83,3.2,4.54,542
2007-05-21,5,25.91,3.86,3.29,4.74,306
2007-06-27,1,34.52,3.1,2.53,4.34,115
2007-06-27,2,38.31,3.54,2.8,4.65,693
2007-06-27,3,36.96,3.6,2.86,4.67,343
2007-06-27,4,25.1,3.81,3.21,4.67,340
2007-06-27,5,24.36,3.88,3.24,4.61,523
2007-07-29,1,33.46,3.62,2.87,4.87,151
2007-07-29,2,37.9,3.53,2.95,4.78,451
2007-07-29,3,35.21,3.77,3.0,4.77,282
2007-07-29,4,23.23,4.16,3.3,4.69,242
2007-07-29,5,21.67,4.21,3.31,4.62,295
2007-08-29,1,32.54,3.27,3.05,4.91,218
2007-08-29,2,40.29,3.22,3.03,4.79,146
2007-08-29,3,37.58,3.24,3.05,4.77,304
2007-08-29,4,23.84,3.88,3.29,4.59,270
2007-08-29,5,23.08,3.92,3.37,4.59,341
2007-09-28,1,30.24,3.39,2.78,4.5,143
2007-09-28,2,37.44,3.57,3.02,4.81,128
2007-09-28,3,36.46,3.41,3.02,4.84,224
2007-09-28,4,19.84,4.23,3.46,4.63,371
2007-09-28,5,20.36,4.01,3.5,4.6,486
2007-10-30,1,27.28,3.3,2.67,4.28,144
2007-10-30,2,35.29,3.43,2.92,4.57,271
2007-10-30,3,36.25,3.61,2.98,4.79,264
2007-10-30,4,19.24,4.18,3.46,4.58,644
2007-10-30,5,18.56,3.79,3.3,4.32,415
2007-11-20,1,32.07,3.57,3.17,5.01,89
2007-11-20,2,40.56,3.47,3.17,4.85,134
2007-11-20,3,40.44,3.32,3.08,4.89,355
2007-11-20,4,22.36,4.18,3.41,4.71,524
2007-11-20,5,23.09,4.09,3.45,4.67,277
2007-11-20,7,11.7,4.54,3.84,4.18,283
2007-12-16,1,33.34,3.83,3.22,5.02,178
2007-12-16,2,42.47,3.65,3.16,4.85,232
2007-12-16,3,40.16,3.5,3.1,4.88,311
2007-12-16,4,23.37,4.13,3.34,4.78,212
2007-12-16,5,23.74,4.1,3.43,4.77,251
2008-01-14,1,34.04,3.74,3.26,5.0,134
2008-01-14,2,44.17,3.67,3.21,4.87,308
2008-01-14,3,42.02,3.7,3.17,4.86,249
2008-01-14,4,24.54,4.21,3.51,4.75,324
2008-01-14,5,26.02,4.02,3.53,4.8,275
2008-02-10,1,35.04,3.57,3.28,5.04,277
2008-02-10,2,43.34,3.4,3.13,4.83,311
2008-02-10,3,42.61,3.35,3.15,4.95,217
2008-02-10,4,23.23,3.92,3.49,4.79,511
2008-02-10,5,23.7,3.6,3.45,4.7,715
2008-03-14,1,34.97,3.63,3.16,5.0,114
2008-03-14,2,45.01,3.4,3.17,4.95,226
2008-03-14,3,45.21,3.36,3.1,4.96,308
2008-03-14,4,25.31,3.79,3.31,4.7,398
2008-03-14,5,25.58,3.92,3.47,4.89,394
2008-04-07,1,36.28,3.67,3.18,5.15,115
2008-04-07,2,44.64,3.41,3.13,4.88,395
2008-04-07,3,46.65,3.22,3.09,5.04,221
2008-04-07,4,25.36,4.1,3.47,4.96,461
2008-04-07,5,25.68,4.14,3.48,4.97,294
2008-05-18,1,35.67,3.24,3.06,4.87,133
2008-05-18,2,44.64,3.14,3.11,4.82,224
2008-05-18,3,45.21,3.08,3.0,4.78,278
2008-05-18,4,25.14,3.99,3.47,4.76,336
2008-05-18,5,24.48,3.95,3.42,4.74,396
2008-06-05,0,46.8,2.59,2.74,4.73,42
2008-06-05,1,35.39,3.59,3.02,4.83,287
2008-06-05,2,42.82,3.15,2.95,4.7,413
2008-06-05,3,44.55,3.31,2.97,4.8,234
2008-06-05,4,26.16,3.87,3.29,4.76,175
2008-06-05,5,23.88,3.74,3.17,4.61,845
2008-07-06,1,35.9,3.39,2.87,4.71,98
2008-07-06,2,42.14,3.49,2.94,4.69,448
2008-07-06,3,43.6,3.32,2.99,4.83,271
2008-07-06,4,25.21,3.98,3.37,4.82,316
2008-07-06,5,24.75,3.88,3.34,4.78,617
2008-08-12,1,35.49,2.89,2.78,4.61,199
2008-08-12,2,40.9,3.21,2.91,4.73,394
2008-08-12,3,40.26,3.06,2.97,4.83,436
2008-08-12,4,24.28,3.9,3.32,4.68,362
2008-08-12,5,25.03,3.8,3.33,4.82,523
2008-09-08,1,34.89,3.38,2.97,4.84,136
2008-09-08,2,39.41,3.1,2.93,4.7,328
2008-09-08,3,39.55,3.1,2.97,4.77,572
2008-09-08,4,24.19,3.93,3.35,4.65,270
2008-09-08,5,24.65,3.86,3.38,4.76,364
2008-10-12,1,34.47,3.28,3.15,4.89,223
2008-10-12,2,38.97,3.14,3.14,4.73,519
2008-10-12,3,39.88,3.13,3.12,4.69,270
2008-10-12,4,23.79,3.63,3.51,4.66,234
2008-10-12,5,24.42,3.55,3.53,4.71,475
2008-11-17,1,35.48,3.44,3.15,4.92,133
2008-11-17,2,40.22,3.52,3.13,4.75,306
2008-11-17,3,40.0,3.34,3.01,4.58,491
2008-11-17,4,23.56,4.13,3.48,4.7,190
2008-11-17,5,22.75,4.14,3.61,4.75,398
2008-12-08,1,35.16,3.35,3.11,4.76,193
2008-12-08,2,40.74,3.31,3.15,4.78,242
2008-12-08,3,41.21,3.17,3.09,4.78,548
2008-12-08,4,24.01,3.61,3.43,4.66,245
2008-12-08,5,23.05,3.85,3.53,4.71,242
2009-01-11,1,37.03,3.46,3.15,4.77,157
2009-01-11,2,43.41,3.21,3.2,4.72,349
2009-01-11,3,42.62,3.06,3.2,4.7,474
2009-01-11,4,24.6,3.77,3.44,4.6,396
2009-01-11,5,24.1,3.61,3.57,4.74,212
2009-02-16,1,38.18,3.57,3.19,4.96,327
2009-02-16,2,44.05,3.39,3.14,4.79,277
2009-02-16,3,44.39,3.4,3.16,4.87,553
2009-02-16,4,28.89,3.59,3.39,4.83,426
2009-02-16,5,26.96,3.53,3.41,4.76,202
2009-03-24,1,39.38,3.7,3.17,4.95,299
2009-03-24,2,43.84,3.6,3.19,4.87,322
2009-03-24,3,45.86,3.53,3.16,4.89,315
2009-03-24,4,26.38,4.1,3.5,4.76,223
2009-03-24,5,27.69,3.58,3.4,4.76,222
2009-04-19,1,36.81,3.73,3.0,4.85,406
2009-04-19,2,40.8,3.46,3.06,4.83,386
2009-04-19,3,41.72,3.28,3.0,4.83,274
2009-04-19,4,25.72,3.8,3.35,4.82,243
2009-04-19,5,24.84,3.83,3.33,4.83,350
2009-05-19,1,36.53,3.15,2.91,4.75,349
2009-05-19,2,42.88,3.33,2.98,4.8,350
2009-05-19,3,41.87,3.18,2.93,4.71,259
2009-05-19,4,23.96,3.77,3.29,4.58,609
2009-05-19,5,25.61,3.64,3.36,4.76,311
2009-06-14,1,37.49,3.43,2.9,4.78,125
2009-06-14,2,42.32,3.2,2.92,4.65,422
2009-06-14,3,42.08,3.13,2.89,4.7,541
2009-06-14,4,25.23,3.7,3.23,4.48,345
2009-06-14,5,27.34,3.79,3.24,4.71,272
2009-07-21,1,34.61,3.21,2.89,4.65,220
2009-07-21,2,40.24,2.96,2.91,4.64,579
2009-07-21,3,37.89,3.27,2.93,4.64,238
2009-07-21,4,24.05,3.5,3.26,4.52,344
2009-07-21,5,24.79,3.36,3.26,4.63,386
2009-09-01,1,34.68,2.87,2.74,4.37,222
2009-09-01,2,40.18,2.66,3.05,4.72,326
2009-09-01,3,37.3,2.86,3.11,4.61,235
2009-09-01,4,23.63,3.8,3.49,4.59,659
2009-09-01,5,25.95,3.32,3.32,4.59,270
2009-09-24,1,34.15,3.23,2.96,4.71,280
2009-09-24,2,37.76,2.87,3.04,4.64,281
2009-09-24,3,37.31,3.04,3.05,4.65,269
2009-09-24,4,23.05,4.06,3.46,4.55,366
2009-09-24,5,24.2,3.3,3.29,4.51,237
2009-10-26,1,34.58,2.25,2.06,3.19,202
2009-10-26,2,38.55,2.25,2.18,3.38,112
2009-10-26,3,38.58,2.76,2.55,4.08,263
2009-10-26,4,22.58,3.58,3.28,4.4,351
2009-10-26,5,19.34,3.69,3.29,4.29,224
2009-11-30,1,35.9,3.26,3.01,4.76,307
2009-11-30,2,39.71,3.11,3.09,4.67,284
2009-11-30,3,41.12,3.03,2.99,4.58,435
2009-11-30,4,22.55,3.77,3.47,4.47,426
2009-11-30,5,20.4,3.42,3.43,4.28,712
2009-12-22,1,35.37,3.2,2.92,4.45,669
2009-12-22,2,40.71,3.44,3.08,4.54,317
2009-12-22,3,41.86,3.21,3.04,4.61,661
2009-12-22,4,24.0,3.85,3.46,4.51,216
2009-12-22,5,23.02,3.88,3.55,4.63,234
2010-01-13,1,34.13,3.67,3.07,4.75,394
2010-01-13,2,42.73,3.56,3.02,4.67,398
2010-01-13,3,44.36,3.58,3.05,4.66,472
2010-01-13,4,25.0,4.06,3.4,4.7,203
2010-01-13,5,25.49,3.86,3.29,4.56,209
2010-02-16,1,33.55,3.44,2.98,4.79,121
2010-02-16,2,43.54,3.21,3.0,4.75,270
2010-02-16,3,44.32,3.17,2.9,4.64,333
2010-02-16,4,24.45,4.02,3.45,4.71,214
2010-02-16,5,27.12,3.85,3.42,4.76,199
2010-03-12,1,35.43,2.96,2.62,4.23,745
2010-03-12,2,44.82,3.09,3.0,4.75,281
2010-03-12,3,44.86,3.0,2.98,4.73,247
2010-03-12,4,24.93,3.81,3.42,4.71,209
2010-03-12,5,27.57,3.6,3.31,4.8,184
2010-03-12,7,15.8,4.14,2.68,4.69,95
2010-04-21,1,33.85,3.61,3.09,4.9,126
2010-04-21,2,44.95,3.44,2.95,4.8,335
2010-04-21,3,41.94,3.33,3.0,4.68,276
2010-04-21,4,22.8,4.15,3.46,4.64,321
2010-04-21,5,24.83,3.88,3.35,4.74,426
2010-05-26,1,32.87,3.31,3.07,4.77,152
2010-05-26,2,42.64,3.11,3.04,4.75,453
2010-05-26,3,42.39,2.94,3.06,4.76,166
2010-05-26,4,21.98,3.5,3.38,4.67,685
2010-05-26,5,22.52,3.77,3.36,4.83,362
2010-06-29,1,32.38,2.91,2.71,4.28,272
2010-06-29,2,42.16,3.36,2.96,4.72,356
2010-06-29,3,39.78,3.51,3.03,4.66,536
2010-06-29,4,23.29,3.62,3.25,4.67,342
2010-06-29,5,26.09,3.27,3.18,4.7,265
2010-07-19,1,34.18,3.21,2.94,4.88,228
2010-07-19,2,41.64,3.16,2.89,4.72,405
2010-07-19,3,41.58,3.42,3.03,4.76,244
2010-07-19,4,23.6,3.71,3.17,4.75,221
2010-07-19,5,24.59,3.81,3.22,4.67,310
2010-08-14,1,33.79,3.48,2.98,4.73,165
2010-08-14,2,40.11,3.52,2.9,4.48,318
2010-08-14,3,40.99,3.27,2.94,4.57,289
2010-08-14,4,22.74,3.88,3.27,4.59,238
2010-08-14,5,24.53,3.88,3.27,4.54,399
2010-09-07,1,33.31,3.46,2.78,4.39,591
2010-09-07,2,39.95,3.46,2.94,4.51,301
2010-09-07,3,41.37,3.38,2.95,4.57,478
2010-09-07,4,22.93,3.95,3.29,4.51,307
2010-09-07,5,25.68,3.95,3.22,4.57,203
2010-09-07,7,19.8,2.78,2.63,2.98,1037
2010-10-17,1,33.53,3.38,3.11,4.76,90
2010-10-17,2,39.36,3.53,2.97,4.49,259
2010-10-17,3,38.98,3.36,3.02,4.64,195
2010-10-17,4,21.23,4.05,3.45,4.49,205
2010-10-17,5,21.07,4.04,3.43,4.48,280
2010-11-07,1,34.46,3.23,3.01,4.65,104
2010-11-07,2,43.23,3.43,3.12,4.61,312
2010-11-07,3,41.13,3.36,3.17,4.6,562
2010-11-07,4,21.18,3.93,3.52,4.44,481
2010-11-07,5,23.05,3.89,3.43,4.44,304
2010-12-05,1,34.61,3.7,3.18,4.86,133
2010-12-05,2,42.53,3.49,3.13,4.57,222
2010-12-05,3,41.28,3.57,3.24,4.66,433
2010-12-05,4,22.84,4.13,3.56,4.53,308
2010-12-05,5,24.35,3.75,3.38,4.46,257
2011-01-09,1,36.05,3.57,3.15,4.96,229
2011-01-09,2,44.16,3.36,3.17,4.75,406
2011-01-09,3,40.23,3.36,3.16,4.7,622
2011-01-09,4,21.42,3.82,3.6,4.64,467
2011-01-09,5,23.66,3.62,3.41,4.64,424
2011-02-01,1,35.11,3.37,3.12,4.82,272
2011-02-01,2,44.23,3.34,3.16,4.61,1046
2011-02-01,3,41.74,3.31,3.14,4.6,1003
2011-02-01,4,22.99,3.57,3.59,4.52,480
2011-02-01,5,26.11,3.31,3.41,4.51,484
2011-03-06,1,35.44,3.76,3.16,4.93,218
2011-03-06,2,46.42,3.45,3.13,4.83,397
2011-03-06,3,40.3,3.76,3.17,4.67,458
2011-03-06,4,21.66,3.5,3.46,4.58,355
2011-03-06,5,24.81,3.48,3.47,4.72,524
2011-04-11,1,35.57,3.64,3.1,4.89,492
2011-04-11,2,47.12,3.29,3.15,4.87,572
2011-04-11,3,43.39,3.44,3.1,4.87,378
2011-04-11,4,21.52,3.96,3.42,4.65,281
2011-04-11,5,25.71,3.79,3.39,4.73,362
2011-05-13,1,33.52,2.8,2.33,3.78,122
2011-05-13,2,45.29,3.18,3.12,4.79,510
2011-05-13,3,42.05,3.16,2.99,4.68,506
2011-05-13,4,24.19,3.86,3.46,4.79,281
2011-05-13,5,23.44,3.88,3.42,4.69,476
2011-06-09,1,33.52,3.08,2.81,4.43,160
2011-06-09,2,42.28,3.19,3.09,4.69,527
2011-06-09,3,42.1,3.17,2.99,4.81,360
2011-06-09,4,22.01,3.78,3.31,4.66,367
2011-06-09,5,24.71,3.78,3.3,4.75,410
2011-07-01,1,34.17,3.16,2.81,4.49,200
2011-07-01,2,43.99,3.43,3.11,4.78,427
2011-07-01,3,43.57,3.37,3.08,4.83,303
2011-07-01,4,23.87,4.01,3.27,4.7,733
2011-07-01,5,23.87,3.97,3.24,4.63,282
2011-08-02,1,32.08,3.54,3.09,4.94,180
2011-08-02,2,37.91,3.52,2.9,4.61,345
2011-08-02,3,38.67,3.51,2.93,4.79,539
2011-08-02,4,21.77,3.9,3.32,4.68,419
2011-08-02,5,24.87,4.05,3.38,4.7,314
2011-09-07,1,32.91,3.5,3.12,4.95,327
2011-09-07,2,38.49,3.53,3.06,4.78,461
2011-09-07,3,39.8,3.37,3.0,4.67,413
2011-09-07,4,19.54,3.96,3.46,4.57,670
2011-09-07,5,24.68,4.22,3.4,4.75,264
2011-10-04,1,32.87,3.29,2.89,4.52,162
2011-10-04,2,42.08,3.48,3.08,4.71,269
2011-10-04,3,41.3,3.43,3.01,4.73,133
2011-10-04,4,23.22,4.02,3.44,4.54,427
2011-10-04,5,24.55,4.02,3.46,4.64,339
2011-11-15,1,33.07,3.62,3.17,4.9,157
2011-11-15,2,43.45,3.11,3.11,4.77,140
2011-11-15,3,42.13,3.55,3.2,4.74,157
2011-11-15,4,25.0,3.87,3.62,4.64,388
2011-11-15,5,27.43,3.94,3.71,4.78,398
2011-12-14,1,34.52,3.69,3.15,4.97,102
2011-12-14,2,45.29,3.38,3.15,4.87,247
2011-12-14,3,43.92,3.64,3.15,4.78,301
2011-12-14,4,24.71,3.91,3.53,4.63,478
2011-12-14,5,27.13,4.12,3.55,4.82,228
2012-01-12,1,34.89,3.58,3.13,4.98,104
2012-01-12,2,45.57,3.3,3.01,4.77,166
2012-01-12,3,43.29,3.62,3.07,4.81,307
2012-01-12,4,24.61,4.03,3.37,4.46,359
2012-01-12,5,28.78,4.5,3.52,4.77,350
2012-02-13,1,34.22,3.39,3.12,4.91,146
2012-02-13,2,41.37,3.41,3.16,4.83,317
2012-02-13,3,39.92,3.52,3.12,4.78,354
2012-02-13,4,27.93,4.05,3.27,4.64,381
2012-02-13,5,29.35,3.97,3.23,4.54,718
2012-03-21,1,34.39,3.76,3.18,4.82,172
2012-03-21,2,40.56,3.58,3.24,4.77,211
2012-03-21,3,39.91,3.72,3.22,4.77,151
2012-03-21,4,35.05,3.87,3.23,4.85,205
2012-03-21,5,32.5,4.22,3.39,4.83,298
2012-04-23,1,31.13,3.64,3.24,4.9,146
2012-04-23,2,38.2,3.62,3.26,4.79,294
2012-04-23,3,37.33,3.78,3.23,4.74,200
2012-04-23,4,33.94,3.71,3.23,4.88,186
2012-04-23,5,34.34,3.71,3.18,4.77,399
2012-05-13,1,31.38,3.74,3.24,4.85,169
2012-05-13,2,38.26,3.49,3.18,4.76,194
2012-05-13,3,36.86,3.68,3.16,4.7,361
2012-05-13,4,34.01,3.6,3.01,4.59,329
2012-05-13,5,36.07,3.72,3.22,4.84,297
2012-06-17,1,28.13,3.79,3.16,4.75,175
2012-06-17,2,32.31,4.09,3.21,4.82,264
2012-06-17,3,33.48,3.75,3.03,4.55,359
2012-06-17,4,31.72,3.75,3.14,4.83,234
2012-06-17,5,32.08,3.91,3.06,4.61,370
2012-07-16,1,30.07,3.84,3.19,4.81,145
2012-07-16,2,32.04,3.81,3.16,4.81,176
2012-07-16,3,32.88,3.8,3.13,4.62,209
2012-07-16,4,31.79,3.68,3.13,4.72,318
2012-07-16,5,35.19,3.92,3.19,4.77,358
2012-08-10,1,27.77,3.63,3.2,4.82,186
2012-08-10,2,30.05,3.62,3.17,4.79,180
2012-08-10,3,31.35,3.63,3.13,4.55,241
2012-08-10,4,30.14,3.72,3.13,4.72,352
2012-08-10,5,33.49,3.42,3.01,4.53,151
2012-09-11,1,27.9,3.8,3.34,4.85,158
2012-09-11,2,30.43,3.65,3.23,4.8,209
2012-09-11,3,35.08,3.76,3.23,4.65,226
2012-09-11,4,33.45,3.58,3.23,4.74,407
2012-09-11,5,36.6,3.63,3.25,4.72,319
2012-10-14,1,27.2,3.5,3.24,4.84,289
2012-10-14,2,28.04,3.35,3.27,4.8,263
2012-10-14,3,33.19,3.51,3.26,4.64,208
2012-10-14,4,33.07,3.63,3.28,4.73,355
2012-10-14,5,36.03,3.39,3.19,4.7,334
2012-11-09,1,29.54,3.27,3.16,4.71,122
2012-11-09,2,28.49,3.38,3.38,4.84,210
2012-11-09,3,35.0,3.51,3.28,4.64,210
2012-11-09,4,35.64,3.69,3.26,4.74,366
2012-11-09,5,37.78,3.38,3.26,4.72,555
2012-12-09,1,31.76,3.71,3.28,4.77,162
2012-12-09,2,31.01,3.72,3.36,4.84,175
2012-12-09,3,34.76,3.93,3.4,4.55,452
2012-12-09,4,35.12,3.86,3.41,4.65,757
2012-12-09,5,35.46,3.81,3.47,4.65,482
2013-01-29,1,35.54,3.49,3.2,4.98,197
2013-01-29,2,35.0,3.52,3.18,4.88,233
2013-01-29,3,37.82,3.91,3.29,4.82,346
2013-01-29,4,35.76,3.98,3.35,4.85,470
2013-01-29,5,32.5,3.84,3.16,4.35,346
2013-02-27,1,34.7,3.52,3.18,4.93,250
2013-02-27,2,33.87,3.64,3.26,5.01,175
2013-02-27,3,38.52,3.61,3.27,4.82,179
2013-02-27,4,35.24,3.96,3.21,4.67,488
2013-02-27,5,37.32,3.97,3.24,4.88,395
2013-03-24,1,36.33,3.58,3.3,4.97,125
2013-03-24,2,34.71,3.63,3.39,5.01,243
2013-03-24,3,40.51,3.49,3.36,4.85,224
2013-03-24,4,39.31,3.64,3.37,4.85,262
2013-03-24,5,39.54,3.79,3.34,4.92,343
2013-04-17,1,30.98,3.77,3.15,4.87,448
2013-04-17,2,31.85,3.79,3.33,5.04,202
2013-04-17,3,35.69,3.93,3.24,4.76,406
2013-04-17,4,34.53,3.88,3.32,4.79,520
2013-04-17,5,38.16,3.66,3.24,4.88,366
2013-05-08,1,33.35,3.7,3.2,4.99,176
2013-05-08,2,32.5,3.87,3.3,4.97,411
2013-05-08,3,35.82,3.66,3.14,4.7,325
2013-05-08,4,35.51,3.85,3.24,4.82,410
2013-05-08,5,37.93,3.34,3.1,4.74,368
2013-06-10,1,33.97,3.65,3.21,4.83,220
2013-06-10,2,33.85,3.54,3.24,4.82,174
2013-06-10,3,38.22,3.62,3.22,4.73,228
2013-06-10,4,36.65,3.61,3.23,4.67,607
2013-06-10,5,38.6,3.3,3.07,4.59,509
2013-07-14,1,34.21,3.46,3.09,4.85,421
2013-07-14,2,34.84,3.39,3.15,4.79,200
2013-07-14,3,38.06,3.52,3.15,4.69,207
2013-07-14,4,37.09,3.45,3.14,4.67,332
2013-07-14,5,34.2,3.49,3.25,4.64,395
2013-08-07,1,32.53,3.54,3.13,4.87,172
2013-08-07,2,34.45,3.48,3.18,4.85,134
2013-08-07,3,35.59,3.5,3.22,4.69,480
2013-08-07,4,37.31,3.41,3.2,4.7,411
2013-08-07,5,35.62,3.5,3.21,4.69,594
2013-09-16,1,31.63,3.69,3.2,4.72,169
2013-09-16,2,32.87,3.47,3.27,4.79,212
2013-09-16,3,34.03,3.7,3.31,4.67,329
2013-09-16,4,35.36,3.65,3.25,4.61,411
2013-09-16,5,31.81,3.5,3.22,4.42,218
2013-10-20,1,32.32,3.75,3.33,4.9,269
2013-10-20,2,36.72,3.48,3.31,4.91,152
2013-10-20,3,40.43,3.71,3.33,4.75,219
2013-10-20,4,38.76,3.69,3.37,4.72,281
2013-10-20,5,33.41,3.81,3.37,4.58,1140
2013-10-20,7,39.3,0.0,0.0,0.0,0
2013-11-17,1,34.81,3.55,3.34,4.99,148
2013-11-17,2,37.45,3.17,3.34,4.96,99
2013-11-17,3,42.46,3.29,3.3,4.83,285
2013-11-17,4,37.75,3.39,3.42,4.76,235
2013-11-17,5,29.88,3.58,3.5,4.65,390
2013-12-09,1,34.0,3.44,3.25,4.95,129
2013-12-09,2,37.8,3.45,3.31,4.94,129
2013-12-09,3,41.36,3.55,3.18,4.73,485
2013-12-09,4,37.41,3.66,3.37,4.79,219
2013-12-09,5,25.75,3.59,3.5,4.57,432
2014-01-14,1,35.46,3.57,3.26,4.96,282
2014-01-14,2,38.14,3.41,3.27,4.92,279
2014-01-14,3,41.38,3.46,3.18,4.71,776
2014-01-14,4,36.94,3.63,3.4,4.74,581
2014-01-14,5,26.82,3.65,3.49,4.67,296
2014-02-16,1,37.67,3.25,3.3,5.04,158
2014-02-16,2,39.21,3.19,3.36,4.99,284
2014-02-16,3,42.25,3.56,3.33,4.85,558
2014-02-16,4,37.59,3.55,3.34,4.77,357
2014-02-16,5,30.87,3.75,3.54,4.73,417
2014-03-10,1,36.77,3.22,3.24,5.0,136
2014-03-10,2,38.47,3.29,3.31,5.01,153
2014-03-10,3,41.75,3.51,3.24,4.8,516
2014-03-10,4,41.01,3.59,3.3,4.88,243
2014-03-10,5,30.8,3.83,3.39,4.67,168
2014-04-10,1,37.75,3.05,3.22,4.95,179
2014-04-10,2,40.65,3.16,3.19,4.95,180
2014-04-10,3,43.89,3.39,3.24,4.83,406
2014-04-10,4,40.84,3.36,3.29,4.78,412
2014-04-10,5,35.96,3.59,3.42,4.82,401
2014-05-13,1,37.82,3.3,3.23,4.99,239
2014-05-13,2,40.2,3.25,3.2,5.0,165
2014-05-13,3,43.38,3.3,3.12,4.8,559
2014-05-13,4,41.43,3.28,3.21,4.84,299
2014-05-13,5,33.68,3.67,3.38,4.78,465
2014-06-12,1,37.66,3.36,3.2,5.02,164
2014-06-12,2,40.66,3.42,3.17,4.94,117
2014-06-12,3,43.15,3.44,3.15,4.78,343
2014-06-12,4,41.09,3.42,3.2,4.79,161
2014-06-12,5,34.64,3.83,3.43,4.82,403
2014-07-09,1,35.9,3.33,3.29,4.86,352
2014-07-09,2,39.29,3.18,3.3,4.88,154
2014-07-09,3,41.03,3.43,3.25,4.7,326
2014-07-09,4,39.12,3.32,3.27,4.69,196
2014-07-09,5,35.4,3.51,3.42,4.71,165
2014-08-12,1,35.55,3.4,3.29,4.93,412
2014-08-12,2,37.65,3.44,3.3,4.95,276
2014-08-12,3,39.98,3.59,3.24,4.78,408
2014-08-12,4,38.47,3.38,3.22,4.74,199
2014-08-12,5,32.37,3.68,3.5,4.78,355
2014-09-14,1,32.76,3.54,3.33,4.99,298
2014-09-14,2,34.2,3.65,3.36,5.01,330
2014-09-14,3,37.78,3.65,3.35,4.81,373
2014-09-14,4,35.93,3.54,3.31,4.8,791
2014-09-14,5,27.98,3.89,3.57,4.79,301
2014-10-20,1,33.43,3.51,3.23,4.93,205
2014-10-20,2,36.45,3.68,3.38,5.1,150
2014-10-20,3,37.26,3.79,3.47,4.91,165
2014-10-20,4,40.84,3.71,3.36,5.02,366
2014-10-20,5,27.11,4.24,3.71,4.67,411
2014-11-11,1,33.86,3.64,3.32,5.02,219
2014-11-11,2,36.72,3.69,3.42,5.08,142
2014-11-11,3,39.14,3.71,3.36,4.88,246
2014-11-11,4,40.15,3.65,3.37,4.92,246
2014-11-11,5,27.81,4.1,3.7,4.73,238
2014-12-08,1,35.39,3.53,3.32,5.15,264
2014-12-08,2,38.29,3.82,3.38,5.14,110
2014-12-08,3,39.77,3.77,3.33,4.84,591
2014-12-08,4,37.97,3.55,3.34,4.85,392
2014-12-08,5,32.14,3.74,3.64,4.76,225
2015-01-14,1,34.78,3.49,3.38,5.08,264
2015-01-14,2,37.36,3.63,3.47,5.09,199
2015-01-14,3,38.37,3.6,3.37,4.79,673
2015-01-14,4,37.84,3.77,3.49,4.9,1023
2015-01-14,5,30.37,3.74,3.4,4.51,621
2015-02-04,1,35.28,3.41,3.38,5.06,218
2015-02-04,2,37.95,3.62,3.45,5.03,231
2015-02-04,3,39.0,3.56,3.35,4.81,531
2015-02-04,4,39.49,3.6,3.45,4.86,614
2015-02-04,5,33.08,3.44,3.33,4.44,465
2015-03-04,1,33.92,3.9,3.27,5.05,198
2015-03-04,2,33.2,4.0,3.39,5.03,320
2015-03-04,3,36.2,3.9,3.3,4.79,858
2015-03-04,4,34.9,3.99,3.39,4.89,402
2015-03-04,5,29.9,4.13,3.35,4.69,578
2015-04-05,1,36.5,3.4,3.28,5.02,201
2015-04-05,2,39.52,3.83,3.34,4.95,281
2015-04-05,3,41.04,3.49,3.28,4.79,693
2015-04-05,4,42.42,3.34,3.33,4.87,351
2015-04-05,5,35.81,3.54,3.38,4.84,523
2015-05-05,1,34.95,3.65,3.35,5.1,218
2015-05-05,2,39.51,3.69,3.41,5.05,259
2015-05-05,3,39.69,3.55,3.39,4.83,336
2015-05-05,4,41.51,3.52,3.39,4.95,420
2015-05-05,5,33.84,3.52,3.43,4.84,611
2015-06-14,1,34.4,3.58,3.3,5.01,206
2015-06-14,2,41.14,3.59,3.23,4.96,244
2015-06-14,3,39.91,3.46,3.2,4.75,435
2015-06-14,4,39.92,3.62,3.32,4.87,241
2015-06-14,5,32.45,3.56,3.34,4.82,310
2015-07-22,1,34.65,3.48,3.26,5.02,228
2015-07-22,2,38.03,3.35,3.24,4.8,571
2015-07-22,3,38.87,3.23,3.25,4.78,344
2015-07-22,4,38.69,3.47,3.28,4.91,282
2015-07-22,5,30.73,3.41,3.36,4.87,337
2015-08-24,1,32.08,3.5,3.24,5.02,289
2015-08-24,2,35.51,3.52,3.26,4.88,425
2015-08-24,3,36.53,3.38,3.16,4.67,370
2015-08-24,4,35.72,3.55,3.24,4.88,274
2015-08-24,5,27.17,3.61,3.42,4.83,369
2015-09-17,1,31.3,3.44,3.22,5.0,190
2015-09-17,2,33.05,3.6,3.28,4.81,267
2015-09-17,3,33.76,3.51,3.26,4.71,333
2015-09-17,4,32.7,3.85,3.23,4.84,282
2015-09-17,5,24.72,3.87,3.51,4.73,323
2015-10-13,1,32.3,3.41,3.35,4.97,176
2015-10-13,2,39.09,3.45,3.34,4.85,244
2015-10-13,3,37.0,3.57,3.42,4.74,429
2015-10-13,4,36.38,3.54,3.21,4.75,213
2015-10-13,5,27.81,3.69,3.58,4.78,288
2015-11-15,1,34.48,3.46,3.39,4.95,204
2015-11-15,2,40.03,3.68,3.53,4.87,381
2015-11-15,3,38.58,3.47,3.52,4.79,506
2015-11-15,4,37.46,3.67,3.35,4.73,346
2015-11-15,5,27.68,3.61,3.4,4.44,420
2015-12-14,1,35.93,3.43,3.41,5.0,126
2015-12-14,2,40.54,3.75,3.55,4.85,163
2015-12-14,3,37.22,3.57,3.52,4.76,268
2015-12-14,4,37.49,3.55,3.53,4.81,498
2015-12-14,5,29.31,3.73,3.61,4.68,326
2016-01-11,1,35.57,3.24,3.21,4.71,125
2016-01-11,2,40.34,3.64,3.47,4.86,199
2016-01-11,3,39.63,3.56,3.44,4.78,331
2016-01-11,4,40.18,3.66,3.45,4.83,215
2016-01-11,5,30.92,4.06,3.74,4.83,222
2016-02-03,1,34.88,3.62,3.45,5.02,133
2016-02-03,2,38.98,3.75,3.57,4.92,182
2016-02-03,3,37.39,3.62,3.43,4.76,222
2016-02-03,4,39.23,3.59,3.48,4.85,299
2016-02-03,5,29.68,4.09,3.75,4.87,214
2016-03-08,1,35.82,3.5,3.37,4.97,119
2016-03-08,2,40.38,3.49,3.56,4.89,147
2016-03-08,3,39.25,3.5,3.48,4.82,327
2016-03-08,4,40.63,3.51,3.47,4.82,241
2016-03-08,5,35.05,3.75,3.62,4.9,195
2016-04-03,1,35.2,3.3,3.39,5.06,165
2016-04-03,2,40.64,3.66,3.54,4.94,225
2016-04-03,3,39.4,3.28,3.44,4.86,325
2016-04-03,4,38.48,3.47,3.42,4.78,437
2016-04-03,5,34.62,3.81,3.57,4.83,276
2016-05-08,1,33.87,3.58,3.3,5.0,172
2016-05-08,2,38.52,3.73,3.28,4.89,297
2016-05-08,3,37.79,3.56,3.34,4.79,364
2016-05-08,4,38.09,3.48,3.36,4.8,351
2016-05-08,5,29.82,3.9,3.53,4.86,338
2016-06-05,1,33.49,3.45,3.36,5.05,254
2016-06-05,2,38.31,3.59,3.28,4.99,195
2016-06-05,3,36.81,3.62,3.43,4.85,483
2016-06-05,4,37.73,3.61,3.45,4.91,476
2016-06-05,5,32.72,3.67,3.56,4.96,143
2016-07-11,1,32.93,3.48,3.34,5.01,281
2016-07-11,2,39.91,3.38,3.24,5.08,151
2016-07-11,3,37.5,3.38,3.3,4.92,303
2016-07-11,4,37.82,3.47,3.39,4.94,371
2016-07-11,5,30.28,3.79,3.59,4.92,201
2016-08-08,1,32.36,3.28,3.34,5.11,262
2016-08-08,2,37.96,3.29,3.24,4.97,251
2016-08-08,3,39.07,3.42,3.26,4.93,785
2016-08-08,4,36.74,3.46,3.38,4.94,834
2016-08-08,5,30.44,3.67,3.54,4.98,178
2016-09-05,1,32.8,3.5,3.3,5.09,350
2016-09-05,2,36.08,3.52,3.42,5.04,132
2016-09-05,3,36.71,3.41,3.32,4.9,329
2016-09-05,4,36.78,3.39,3.36,4.95,425
2016-09-05,5,29.22,3.76,3.51,4.93,467
2016-10-06,1,33.61,3.58,3.37,5.18,133
2016-10-06,2,36.47,3.8,3.49,5.07,164
2016-10-06,3,38.29,3.77,3.41,4.94,403
2016-10-06,4,37.26,3.76,3.47,4.98,319
2016-10-06,5,27.82,4.13,3.73,4.95,183
2016-11-07,1,32.12,3.51,3.41,5.03,238
2016-11-07,2,37.15,3.75,3.44,4.92,132
2016-11-07,3,38.88,3.58,3.43,4.89,219
2016-11-07,4,38.37,3.75,3.49,4.88,606
2016-11-07,5,27.87,4.02,3.89,4.87,246
2016-12-19,1,33.27,3.48,3.29,5.04,254
2016-12-19,2,39.72,3.51,3.41,5.01,145
2016-12-19,3,42.19,3.55,3.27,4.87,253
2016-12-19,4,39.84,3.61,3.37,4.92,266
2016-12-19,5,25.98,4.19,3.8,4.83,289
2017-01-09,1,34.9,3.25,3.2,5.03,208
2017-01-09,2,40.25,3.52,3.25,4.97,193
2017-01-09,3,44.22,3.61,3.21,4.94,252
2017-01-09,4,40.59,3.56,3.4,4.98,327
2017-01-09,5,27.61,3.74,3.6,4.93,295
2017-02-13,1,37.51,2.98,3.34,5.09,220
2017-02-13,2,45.76,3.29,3.37,5.04,151
2017-02-13,3,47.16,3.35,3.33,4.94,490
2017-02-13,4,42.6,3.36,3.43,4.85,274
2017-02-13,5,30.88,3.61,3.8,4.9,892
2017-03-05,1,36.47,3.04,3.21,5.04,301
2017-03-05,2,41.27,3.45,3.29,5.0,236
2017-03-05,3,44.51,3.43,3.16,4.79,389
2017-03-05,4,39.98,3.71,3.33,4.87,288
2017-03-05,5,30.66,3.57,3.49,4.82,220
2017-05-07,1,34.5,3.51,3.27,5.01,195
2017-05-07,2,40.1,3.57,3.32,4.99,228
2017-05-07,3,40.37,3.68,3.31,4.85,334
2017-05-07,4,40.39,3.7,3.38,4.95,366
2017-05-07,5,29.54,3.74,3.7,5.03,326
2017-05-07,6,35.5,3.95,3.86,4.98,29
2017-06-06,1,35.55,3.38,2.98,4.66,181
2017-06-06,2,39.13,3.79,3.27,4.96,213
2017-06-06,3,43.41,3.77,3.22,4.77,425
2017-06-06,4,42.19,3.82,3.29,4.91,252
2017-06-06,5,31.48,3.92,3.51,4.9,178
2017-06-06,7,40.7,5.09,2.94,5.05,392
2017-07-09,1,33.95,3.61,3.14,4.99,349
2017-07-09,2,36.68,3.59,3.2,4.91,235
2017-07-09,3,40.72,3.67,3.18,4.85,399
2017-07-09,4,37.04,3.51,3.2,4.77,365
2017-07-09,5,27.76,4.03,3.49,4.86,256
2017-08-13,1,33.49,3.24,3.15,4.96,298
2017-08-13,2,36.73,3.4,3.3,5.0,346
2017-08-13,3,39.91,3.47,3.3,4.88,250
2017-08-13,4,39.48,3.44,3.32,4.91,602
2017-08-13,5,28.37,3.73,3.47,4.87,504
2017-09-05,1,34.99,3.2,3.15,4.96,203
2017-09-05,2,36.65,3.63,3.29,4.99,160
2017-09-05,3,40.09,3.58,3.32,4.85,270
2017-09-05,4,38.98,3.49,3.35,4.88,587
2017-09-05,5,27.59,3.9,3.6,4.89,411
2017-10-15,1,32.34,3.8,3.46,5.04,211
2017-10-15,2,35.61,3.87,3.55,4.98,246
2017-10-15,3,38.91,4.04,3.42,4.86,265
2017-10-15,4,38.75,3.8,3.53,4.88,279
2017-10-15,5,27.85,3.9,3.73,4.89,318
2017-11-13,1,33.29,3.72,3.41,5.01,193
2017-11-13,2,35.43,3.88,3.42,4.97,220
2017-11-13,3,38.94,3.51,3.33,4.78,170
2017-11-13,4,38.66,3.75,3.48,4.83,252
2017-11-13,5,24.79,3.99,3.78,4.84,261
2018-01-07,1,34.37,3.87,3.4,5.01,144
2018-01-07,2,38.21,3.83,3.33,4.94,184
2018-01-07,3,42.17,3.8,3.39,4.84,244
2018-01-07,4,42.33,3.79,3.46,4.89,328
2018-01-07,5,27.49,4.12,3.83,4.85,281
2018-01-31,1,34.49,3.65,3.29,4.96,161
2018-01-31,2,39.94,3.57,3.2,4.84,383
2018-01-31,3,42.32,3.63,3.3,4.78,413
2018-01-31,4,39.86,3.69,3.45,4.9,400
2018-01-31,5,30.71,4.11,3.68,4.92,159
2018-02-23,1,34.91,3.62,3.19,4.82,197
2018-02-23,2,42.3,3.57,3.28,4.98,244
2018-02-23,3,45.1,3.54,3.26,4.87,188
2018-02-23,4,40.97,3.79,3.38,4.85,340
2018-02-23,5,31.67,4.21,3.68,4.83,266
2018-03-22,1,35.07,3.69,3.24,5.04,284
2018-03-22,2,43.76,3.52,3.24,5.04,287
2018-03-22,3,44.68,3.63,3.27,4.92,330
2018-03-22,4,41.65,3.71,3.34,4.93,347
2018-03-22,5,31.03,4.18,3.72,4.92,258
2018-04-15,1,33.41,3.54,3.34,5.04,191
2018-04-15,2,40.1,3.33,3.34,4.96,290
2018-04-15,3,41.43,3.32,3.41,4.9,363
2018-04-15,4,39.92,3.49,3.45,4.89,426
2018-04-15,5,30.19,4.07,3.66,4.82,400
2018-05-09,1,32.98,3.65,3.14,4.87,171
2018-05-09,2,40.18,3.59,3.28,4.96,583
2018-05-09,3,41.77,3.51,3.26,4.79,615
2018-05-09,4,41.91,3.63,3.28,4.87,247
2018-05-09,5,27.87,4.16,3.63,4.86,229
2018-06-17,1,31.27,3.28,3.34,4.97,441
2018-06-17,2,39.53,3.18,3.32,5.0,390
2018-06-17,3,39.54,3.51,3.28,4.91,256
2018-06-17,4,39.7,3.46,3.29,4.91,478
2018-06-17,5,28.15,3.91,3.66,4.91,419
2018-07-12,1,33.61,3.18,3.26,4.97,260
2018-07-12,2,40.27,3.15,3.34,4.94,291
2018-07-12,3,40.9,3.59,3.33,4.83,451
2018-07-12,4,42.7,3.27,3.19,4.73,356
2018-07-12,5,32.26,3.96,3.58,4.88,492
2018-08-12,1,32.23,3.2,3.11,4.81,254
2018-08-12,2,39.22,3.21,3.22,4.76,241
2018-08-12,3,40.93,3.44,3.24,4.72,284
2018-08-12,4,39.37,3.36,3.24,4.74,256
2018-08-12,5,27.87,3.25,3.04,3.98,185
2018-09-12,1,30.46,3.3,3.16,4.96,170
2018-09-12,2,38.18,3.25,3.33,4.98,271
2018-09-12,3,38.26,3.31,3.28,4.88,357
2018-09-12,4,35.79,3.24,3.32,4.86,216
2018-09-12,5,28.09,3.73,3.54,4.73,221
2018-10-11,1,32.89,3.29,3.36,5.07,388
2018-10-11,2,39.44,3.31,3.44,5.04,456
2018-10-11,3,39.53,3.49,3.45,4.91,510
2018-10-11,4,38.63,3.4,3.5,4.86,322
2018-10-11,5,29.21,4.12,3.74,4.9,302
2018-11-13,1,33.65,3.6,3.34,4.99,182
2018-11-13,2,38.43,3.68,3.54,4.94,385
2018-11-13,3,41.34,3.82,3.5,4.81,406
2018-11-13,4,39.73,3.79,3.55,4.83,229
2018-11-13,5,29.16,4.11,3.83,4.85,599
2018-12-18,1,35.08,3.54,3.34,5.03,162
2018-12-18,2,38.96,3.79,3.51,5.02,261
2018-12-18,3,43.17,3.53,3.39,4.84,209
2018-12-18,4,43.45,3.77,3.52,4.94,163
2018-12-18,5,30.76,4.08,3.9,4.92,409
2019-01-14,1,33.7,3.94,3.32,5.0,162
2019-01-14,2,36.16,4.12,3.52,5.01,337
2019-01-14,3,40.16,3.83,3.48,4.91,292
2019-01-14,4,42.14,4.03,3.41,4.97,237
2019-01-14,5,28.45,4.32,3.75,4.75,411
2019-02-10,1,34.35,3.85,3.41,4.98,133
2019-02-10,2,37.73,3.95,3.55,5.09,245
2019-02-10,3,42.22,3.72,3.49,4.97,407
2019-02-10,4,42.14,3.91,3.54,4.98,159
2019-02-10,5,28.21,4.33,3.94,4.97,216
2019-03-17,1,32.89,3.76,3.27,5.01,141
2019-03-17,2,34.13,4.0,3.37,4.97,555
2019-03-17,3,41.96,3.47,3.31,4.93,459
2019-03-17,4,41.66,3.75,3.34,4.95,437
2019-03-17,5,28.57,4.38,3.73,4.82,252
2019-04-16,1,36.41,3.51,3.39,4.94,207
2019-04-16,2,39.27,3.62,3.47,4.92,181
2019-04-16,3,45.27,3.3,3.32,4.79,434
2019-04-16,4,45.11,3.49,3.38,4.87,678
2019-04-16,5,31.75,3.79,3.67,4.87,210
2019-06-04,1,33.04,3.33,2.91,4.43,201
2019-06-04,2,38.38,3.77,3.37,4.88,197
2019-06-04,3,41.02,3.54,3.28,4.76,1079
2019-06-04,4,43.57,3.79,3.3,4.86,435
2019-06-04,5,31.8,4.28,3.62,4.88,278
2019-07-03,1,36.0,3.48,3.08,4.83,189
2019-07-03,2,39.02,3.63,3.34,4.93,303
2019-07-03,3,42.74,3.38,3.29,4.84,331
2019-07-03,4,43.47,3.62,3.27,4.85,262
2019-07-03,5,32.28,3.96,3.58,4.88,311
2019-07-24,1,37.93,3.42,3.15,4.94,313
2019-07-24,2,38.98,3.63,3.4,4.89,390
2019-07-24,3,44.08,3.39,3.36,4.82,330
2019-07-24,4,41.72,3.56,3.36,4.86,358
2019-07-24,5,33.52,4.12,3.63,4.87,180
2019-08-15,1,34.59,3.49,3.09,4.87,324
2019-08-15,2,35.66,3.75,3.33,4.89,371
2019-08-15,3,39.99,3.62,3.34,4.83,253
2019-08-15,4,37.92,3.76,3.38,4.81,241
2019-08-15,5,31.58,4.04,3.47,4.69,316
2019-09-19,1,34.72,3.57,3.14,4.85,215
2019-09-19,2,37.03,3.85,3.39,4.82,182
2019-09-19,3,40.04,3.69,3.44,4.77,337
2019-09-19,4,38.38,3.83,3.35,4.6,308
2019-09-19,5,31.61,4.42,3.69,4.87,121
2019-10-24,1,34.83,3.41,3.27,4.81,266
2019-10-24,2,35.78,3.69,3.38,4.77,392
2019-10-24,3,39.4,3.74,3.49,4.74,251
2019-10-24,4,35.71,3.83,3.54,4.68,362
2019-10-24,5,31.45,4.15,3.61,4.75,256
2019-11-10,1,34.63,3.32,3.34,4.86,157
2019-11-10,2,35.97,3.8,3.4,4.81,175
2019-11-10,3,39.36,3.78,3.5,4.73,210
2019-11-10,4,37.72,3.83,3.55,4.71,257
2019-11-10,5,35.27,4.39,3.55,4.74,177
2019-12-23,1,35.34,3.65,3.42,4.85,255
2019-12-23,2,37.12,3.88,3.44,4.87,245
2019-12-23,3,43.0,3.6,3.45,4.81,279
2019-12-23,4,39.69,3.94,3.57,4.8,689
2019-12-23,5,37.26,4.43,3.67,4.83,288
2020-01-23,1,35.63,3.54,3.39,4.9,224
2020-01-23,2,38.07,3.92,3.51,4.95,192
2020-01-23,3,41.71,3.67,3.52,4.83,369
2020-01-23,4,40.17,3.97,3.62,4.9,313
2020-01-23,5,32.03,4.55,3.87,4.89,169
2020-02-12,1,33.26,3.77,3.33,4.92,229
2020-02-12,2,36.26,4.01,3.39,4.94,145
2020-02-12,3,39.59,3.75,3.45,4.79,173
2020-02-12,4,39.36,3.94,3.45,4.84,382
2020-02-12,5,28.3,4.59,3.75,4.74,223
2020-03-30,1,35.4,3.67,3.34,4.94,176
2020-03-30,2,38.65,3.77,3.3,4.9,124
2020-03-30,3,40.6,3.59,3.37,4.73,276
2020-03-30,4,41.32,3.86,3.4,4.89,331
2020-03-30,5,31.99,4.07,3.48,4.57,189
2020-04-26,1,39.55,3.18,3.32,4.99,158
2020-04-26,2,40.63,3.37,3.38,5.03,83
2020-04-26,3,43.7,3.16,3.42,4.81,431
2020-04-26,4,43.68,3.23,3.45,4.94,208
2020-04-26,5,39.32,3.63,3.59,4.91,455
2020-04-26,6,9.4,6.58,4.64,4.09,3142
2020-05-24,1,34.76,3.52,3.17,4.93,214
2020-05-24,2,34.89,3.78,3.35,4.97,244
2020-05-24,3,37.83,3.56,3.36,4.77,340
2020-05-24,4,37.61,3.82,3.37,4.83,296
2020-05-24,5,36.33,4.1,3.4,4.87,129
2020-06-23,1,37.18,3.44,3.11,4.96,266
2020-06-23,2,39.33,3.77,3.26,4.99,165
2020-06-23,3,40.92,3.59,3.25,4.76,320
2020-06-23,4,43.22,3.73,3.35,4.94,273
2020-06-23,5,42.17,3.86,3.36,4.92,234
2020-07-16,1,38.76,3.4,3.16,5.01,206
2020-07-16,2,40.49,3.7,3.3,5.0,151
2020-07-16,3,45.07,3.48,3.21,4.87,211
2020-07-16,4,42.85,3.63,3.32,4.95,271
2020-07-16,5,41.39,3.46,3.24,4.94,157
2020-08-17,1,37.5,3.32,3.13,4.93,179
2020-08-17,2,37.99,3.65,3.34,4.92,229
2020-08-17,3,41.24,3.51,3.29,4.8,445
2020-08-17,4,41.2,3.48,3.36,4.89,338
2020-08-17,5,37.13,3.85,3.37,4.85,277
2020-09-15,1,33.51,3.52,3.17,4.94,169
2020-09-15,2,35.24,3.85,3.38,4.9,228
2020-09-15,3,35.4,3.78,3.41,4.73,536
2020-09-15,4,36.45,3.99,3.45,4.86,451
2020-09-15,5,33.15,3.93,3.35,4.73,278
2020-10-21,1,36.22,3.42,3.17,4.94,325
2020-10-21,2,37.04,3.7,3.41,4.89,124
2020-10-21,3,39.08,3.63,3.39,4.7,595
2020-10-21,4,39.62,3.7,3.45,4.87,297
2020-10-21,5,34.68,3.82,3.53,4.89,412
2020-11-16,1,38.08,3.67,3.28,4.88,155
2020-11-16,2,38.89,3.9,3.5,4.9,159
2020-11-16,3,43.29,3.73,3.53,4.79,445
2020-11-16,4,40.78,3.82,3.47,4.71,462
2020-11-16,5,33.57,4.27,3.66,4.67,287
2020-12-16,1,37.05,3.86,3.32,4.96,111
2020-12-16,2,39.54,4.11,3.54,4.91,233
2020-12-16,3,43.77,3.94,3.56,4.76,292
2020-12-16,4,39.72,4.12,3.51,4.72,300
2020-12-16,5,36.45,4.43,3.81,4.82,344
2021-01-25,1,37.26,3.75,3.38,4.9,145
2021-01-25,2,40.03,3.93,3.44,4.83,188
2021-01-25,3,41.72,4.0,3.56,4.71,391
2021-01-25,4,42.57,4.08,3.59,4.78,256
2021-01-25,5,36.42,4.14,3.59,4.8,354
2021-01-25,6,17.9,0.0,0.0,0.0,0
2021-02-22,1,36.96,3.91,3.3,4.84,183
2021-02-22,2,41.2,3.98,3.45,4.88,302
2021-02-22,3,40.64,3.91,3.5,4.71,418
2021-02-22,4,40.84,4.01,3.6,4.78,295
2021-02-22,5,39.48,4.27,3.53,4.78,324
2021-03-22,1,37.59,3.77,3.2,4.99,179
2021-03-22,2,41.51,3.83,3.39,4.94,223
2021-03-22,3,40.69,3.9,3.47,4.81,507
2021-03-22,4,41.19,3.81,3.41,4.84,521
2021-03-22,5,39.15,3.88,3.45,4.89,433
2021-04-21,1,37.61,3.61,3.18,4.94,142
2021-04-21,2,39.8,3.68,3.35,4.77,273
2021-04-21,3,39.22,3.82,3.46,4.86,308
2021-04-21,4,43.32,3.8,3.46,4.86,114
2021-04-21,5,34.98,3.95,3.48,4.8,187
2021-05-10,1,36.95,3.55,3.19,4.93,141
2021-05-10,2,37.54,3.76,3.44,4.92,203
2021-05-10,3,39.74,3.81,3.51,4.82,263
2021-05-10,4,42.97,3.77,3.37,4.86,122
2021-05-10,5,37.29,3.99,3.4,4.89,380
2021-06-14,1,36.58,3.47,3.24,5.02,217
2021-06-14,2,40.83,3.79,3.42,4.94,339
2021-06-14,3,41.1,3.78,3.46,4.73,395
2021-06-14,4,42.66,3.85,3.4,4.84,364
2021-06-14,5,33.69,4.16,3.43,4.9,314
2021-07-13,1,38.65,3.5,3.07,4.88,240
2021-07-13,2,39.13,3.74,3.32,4.94,441
2021-07-13,3,40.52,3.79,3.37,4.8,247
2021-07-13,4,39.87,3.89,3.35,4.84,267
2021-07-13,5,36.0,3.93,3.36,4.89,294
2021-08-10,1,37.51,3.61,3.22,5.02,215
2021-08-10,2,39.2,3.8,3.32,4.94,201
2021-08-10,3,38.53,3.96,3.41,4.82,373
2021-08-10,4,40.84,3.91,3.34,4.85,350
2021-08-10,5,31.66,3.51,3.18,4.58,408
2021-09-23,1,34.75,3.77,3.29,5.06,374
2021-09-23,2,36.53,3.99,3.44,5.02,239
2021-09-23,3,38.69,3.95,3.45,4.93,275
2021-09-23,4,38.47,3.94,3.43,4.93,208
2021-09-23,5,30.55,4.06,3.59,5.07,200
2021-10-11,1,34.15,3.57,3.27,4.95,308
2021-10-11,2,37.21,3.94,3.51,4.94,244
2021-10-11,3,40.02,3.85,3.5,4.88,218
2021-10-11,4,39.77,4.1,3.52,4.93,271
2021-10-11,5,31.24,3.92,3.62,5.01,106
2021-11-15,1,34.16,3.78,3.42,5.04,217
2021-11-15,2,34.68,4.05,3.45,4.89,358
2021-11-15,3,36.54,3.83,3.44,4.81,373
2021-11-15,4,41.06,3.87,3.48,4.89,292
2021-11-15,5,33.62,4.13,3.73,5.01,279
2021-12-15,1,35.24,3.64,3.35,5.02,189
2021-12-15,2,37.91,3.82,3.41,4.82,420
2021-12-15,3,40.11,3.8,3.44,4.87,475
2021-12-15,4,42.59,4.13,3.5,4.9,297
2021-12-15,5,31.47,4.32,3.83,5.01,390
2022-01-18,1,33.81,4.06,3.41,5.05,167
2022-01-18,2,38.22,4.1,3.5,4.98,437
2022-01-18,3,39.8,3.7,3.44,4.84,428
2022-01-18,4,42.86,4.13,3.55,4.95,143
2022-01-18,5,32.23,4.51,3.78,5.0,329
2022-02-15,1,33.97,3.78,3.45,5.07,363
2022-02-15,2,37.88,3.86,3.51,4.96,154
2022-02-15,3,41.01,3.87,3.51,4.96,478
2022-02-15,4,42.68,3.95,3.64,4.97,186
2022-02-15,5,30.2,4.48,3.92,5.0,228
2022-03-23,1,34.77,3.72,3.26,5.02,300
2022-03-23,2,37.9,3.82,3.43,4.93,165
2022-03-23,3,40.78,3.68,3.38,4.88,467
2022-03-23,4,39.52,3.97,3.51,4.91,250
2022-03-23,5,30.74,4.35,3.76,4.95,178
2022-04-19,1,36.27,3.73,3.24,5.04,234
2022-04-19,2,40.22,3.64,3.43,4.97,204
2022-04-19,3,44.83,3.79,3.29,4.93,300
2022-04-19,4,41.64,3.84,3.49,4.9,540
2022-04-19,5,30.77,4.38,3.69,4.98,192
2022-05-11,1,35.88,3.76,3.14,5.02,187
2022-05-11,2,37.82,3.89,3.37,4.92,338
2022-05-11,3,41.5,3.72,3.25,4.74,592
2022-05-11,4,41.48,3.96,3.42,4.9,266
2022-05-11,5,30.25,4.32,3.58,4.93,238
2022-06-14,1,34.08,3.59,3.03,4.88,158
2022-06-14,2,36.46,3.8,3.35,4.89,377
2022-06-14,3,41.55,3.71,3.23,4.81,469
2022-06-14,4,40.65,3.98,3.35,4.88,353
2022-06-14,5,30.69,3.88,3.49,4.89,363
2022-07-05,1,35.46,3.58,3.1,5.05,334
2022-07-05,2,38.65,3.6,3.19,4.8,298
2022-07-05,3,40.53,3.6,3.27,4.82,677
2022-07-05,4,41.19,4.0,3.35,4.9,398
2022-07-05,5,31.73,3.97,3.43,4.74,197
2022-08-09,1,34.58,3.45,3.12,5.04,222
2022-08-09,2,38.67,3.79,3.32,4.94,197
2022-08-09,3,38.43,3.66,3.3,4.77,294
2022-08-09,4,39.95,3.81,3.31,4.87,313
2022-08-09,5,32.22,3.71,3.44,4.99,282
2022-09-12,1,33.64,3.75,3.13,4.96,189
2022-09-12,2,37.83,3.83,3.29,4.92,223
2022-09-12,3,36.77,3.96,3.37,4.8,334
2022-09-12,4,40.26,3.93,3.21,4.81,330
2022-09-12,5,31.68,4.05,3.39,4.94,228
2022-10-19,1,32.2,3.89,3.18,4.89,285
2022-10-19,2,34.64,4.14,3.39,4.88,210
2022-10-19,3,35.35,4.1,3.42,4.79,381
2022-10-19,4,39.6,4.0,3.39,4.91,523
2022-10-19,5,34.5,4.09,3.38,4.82,730
2022-11-10,1,33.93,3.78,3.25,4.96,179
2022-11-10,2,36.47,3.89,3.41,4.94,188
2022-11-10,3,37.27,3.99,3.43,4.76,355
2022-11-10,4,41.18,3.9,3.35,4.87,303
2022-11-10,5,30.1,4.43,3.55,4.87,207
